SKU;Naziv;Izvor;Datum
MIV-2775;RIEDEL Manufaktur RIEDEL Bellorotondo White Wine (1 kom.);https://www.miva.com.hr/asortiman/proizvod-2775-riedel-manufaktur-riedel-bellorotondo-white-wine;2026-10-05
MIV-2778;Belvedere Organic F1 (0,70L);https://www.miva.com.hr/asortiman/proizvod-2778-belvedere-organic-f1;2026-10-05
MIV-2786;Coronica Rosetta rosé (0,75L);https://www.miva.com.hr/asortiman/proizvod-2786-coronica-rosetta-ros;2026-10-05
MIV-2811;Sassaia Derthona Timorasso (0,75L);https://www.miva.com.hr/asortiman/proizvod-2811-sassaia-derthona-timorasso;2026-10-05
MIV-0989;Planeta Chardonnay (0,75L);https://www.miva.com.hr/asortiman/proizvod-989-planeta-chardonnay;2026-10-05
MIV-2800;Voštinić Klasnić Fabula (0,75L);https://www.miva.com.hr/asortiman/proizvod-2800-vostinic-klasnic-fabula;2026-10-05
MIV-2732;Moët & Chandon Ice Impérial Pharrell Williams (0,75L);https://www.miva.com.hr/asortiman/proizvod-2732-mot--chandon-ice-imprial-pharrell-williams;2026-10-05
MIV-2783;RIEDEL Mixing Sets Summer Drinks / Spritz (Set 4 kom.);https://www.miva.com.hr/asortiman/proizvod-2783-riedel-mixing-sets-summer-drinks--spritz;2026-10-05
MIV-2785;DeFratta Muškat (0,50L);https://www.miva.com.hr/asortiman/proizvod-2785-defratta-muskat;2026-10-05
MIV-2505;Edi Simčič Sauvignon (0,75L);https://www.miva.com.hr/asortiman/proizvod-2505-edi-simcic-sauvignon;2026-10-05
MIV-2499;Herve Kerlann Santenay En Boichot (0,75L);https://www.miva.com.hr/asortiman/proizvod-2499-herve-kerlann-santenay-en-boichot;2026-10-05
MIV-1912;Fever-Tree Raspberry & Rhubarb Tonic Water (0,20L);https://www.miva.com.hr/asortiman/proizvod-1912-fever-tree-raspberry--rhubarb-tonic-water;2026-10-05
MIV-1897;Belvedere Organic Infusions Blackberry & Lemongrass (0,70L);https://www.miva.com.hr/asortiman/proizvod-1897-belvedere-organic-infusions-blackberry--lemongrass;2026-10-05
MIV-1519;RIEDEL Vinum Riesling Grand Cru / Zinfandel (Set 4 kom.);https://www.miva.com.hr/asortiman/proizvod-1519-riedel-vinum-riesling-grand-cru--zinfandel;2026-10-05
MIV-1367;Scapegrace & Fever-Tree paket (0,70L);https://www.miva.com.hr/asortiman/proizvod-1367-scapegrace--fever-tree-paket;2026-10-05
MIV-0542;Riedel Sommeliers Bordeaux grand cru (1 kom.);https://www.miva.com.hr/asortiman/proizvod-542-riedel-sommeliers-bordeaux-grand-cru;2026-10-05
MIV-0545;Riedel Sommeliers Burgundy grand cru (1 kom.);https://www.miva.com.hr/asortiman/proizvod-545-riedel-sommeliers-burgundy-grand-cru;2026-10-05
MIV-0546;Riedel Sommeliers Riesling grand cru (1 kom.);https://www.miva.com.hr/asortiman/proizvod-546-riedel-sommeliers-riesling-grand-cru;2026-10-05
MIV-0554;RIEDEL Vinum Syrah / Shiraz (Set 2 kom.);https://www.miva.com.hr/asortiman/proizvod-554-riedel-vinum-syrah--shiraz;2026-10-05
MIV-0555;RIEDEL Vinum Cabernet Sauvignon / Merlot (Set 2 kom.);https://www.miva.com.hr/asortiman/proizvod-555-riedel-vinum-cabernet-sauvignon--merlot;2026-10-05
MIV-0556;RIEDEL Vinum Riesling Grand Cru / Zinfandel (Set 2 kom.);https://www.miva.com.hr/asortiman/proizvod-556-riedel-vinum-riesling-grand-cru--zinfandel;2026-10-05
MIV-0557;RIEDEL Vinum Viognier / Chardonnay (Set 2 kom.);https://www.miva.com.hr/asortiman/proizvod-557-riedel-vinum-viognier--chardonnay;2026-10-05
MIV-0558;RIEDEL Vinum Oaked Chardonnay (Montrachet) (Set 2 kom.);https://www.miva.com.hr/asortiman/proizvod-558-riedel-vinum-oaked-chardonnay-montrachet;2026-10-05
MIV-0559;Riedel Vinum Sauvignon Blanc / Dessert wine (Set 2 kom.);https://www.miva.com.hr/asortiman/proizvod-559-riedel-vinum-sauvignon-blanc--dessert-wine;2026-10-05
MIV-2813;Veuve Clicquot Brut Summer Set;https://www.miva.com.hr/asortiman/proizvod-2813-veuve-clicquot-brut-summer-set;2026-10-05
MIV-2592;Glenmorangie The Original + 2 čaše (0,70L);https://www.miva.com.hr/asortiman/proizvod-2592-glenmorangie-the-original--2-case;2026-10-05
MIV-0098;Batič Rosé (0,75L);https://www.miva.com.hr/asortiman/proizvod-98-batic-ros;2026-10-05
MIV-2276;Villa Sandi Rive di San Pietro Extra Brut (0,75L);https://www.miva.com.hr/asortiman/proizvod-2276-villa-sandi-rive-di-san-pietro-extra-brut;2026-10-05
MIV-2149;Scapegrace Blood Orange Gin (0,70L);https://www.miva.com.hr/asortiman/proizvod-2149-scapegrace-blood-orange-gin;2026-10-05
MIV-2572;Tilia Out of the blue pinot noir (0,75L);https://www.miva.com.hr/asortiman/proizvod-2572-tilia-out-of-the-blue-pinot-noir;2026-10-05
MIV-1534;Belvedere Cutting Board VAP (0,70L);https://www.miva.com.hr/asortiman/proizvod-1534-belvedere-cutting-board-vap;2026-10-05
MIV-1548;Kolarić Amfora Pinot grigio (0,75L);https://www.miva.com.hr/asortiman/proizvod-1548-kolaric-amfora-pinot-grigio;2026-10-05
MIV-1523;Korta Katarina Plavac mali 18L (18,00L);https://www.miva.com.hr/asortiman/proizvod-1523-korta-katarina-plavac-mali-18l;2026-10-05
MIV-2654;The Belvedere Full Party Set;https://www.miva.com.hr/asortiman/proizvod-2654-the-belvedere-full-party-set;2026-10-05
MIV-0462;Veuve Clicquot Rosé (0,75L);https://www.miva.com.hr/asortiman/proizvod-462-veuve-clicquot-ros;2026-10-05
MIV-1359;Hennessy & Ginger paket;https://www.miva.com.hr/asortiman/proizvod-1359-hennessy--ginger-paket;2026-10-05
MIV-0315;Abbona Cinerino (0,75L);https://www.miva.com.hr/asortiman/proizvod-315-abbona-cinerino;2026-10-05
MIV-0260;Abbona Pressenda Barolo (0,75L);https://www.miva.com.hr/asortiman/proizvod-260-abbona-pressenda-barolo;2026-10-05
MIV-0259;Abbona Rinaldi Barbera d'Alba (0,75L);https://www.miva.com.hr/asortiman/proizvod-259-abbona-rinaldi-barbera-d039alba;2026-10-05
MIV-2255;Adžić Cuvee (0,75L);https://www.miva.com.hr/asortiman/proizvod-2255-adzic-cuvee;2026-10-05
MIV-1104;Adžić Graševina (0,75L);https://www.miva.com.hr/asortiman/proizvod-1104-adzic-grasevina;2026-10-05
MIV-0015;Adžić Graševina Hrnjevac (0,75L);https://www.miva.com.hr/asortiman/proizvod-15-adzic-grasevina-hrnjevac;2026-10-05
MIV-2210;Adžić Graševina Izborna berba (0,50L);https://www.miva.com.hr/asortiman/proizvod-2210-adzic-grasevina-izborna-berba;2026-10-05
MIV-1762;Adžić Graševina Magnum (1,50L);https://www.miva.com.hr/asortiman/proizvod-1762-adzic-grasevina-magnum;2026-10-05
MIV-0832;Adžić Lucija Rose (0,75L);https://www.miva.com.hr/asortiman/proizvod-832-adzic-lucija-rose;2026-10-05
MIV-1024;Adžić Pinot crni (0,75L);https://www.miva.com.hr/asortiman/proizvod-1024-adzic-pinot-crni;2026-10-05
MIV-0013;Adžić Pinot sivi (0,75L);https://www.miva.com.hr/asortiman/proizvod-13-adzic-pinot-sivi;2026-10-05
MIV-0012;Adžić Rajnski rizling (0,75L);https://www.miva.com.hr/asortiman/proizvod-12-adzic-rajnski-rizling;2026-10-05
MIV-0011;Adžić Zweigelt (0,75L);https://www.miva.com.hr/asortiman/proizvod-11-adzic-zweigelt;2026-10-05
MIV-2468;Ambrosia Château Beau Site Haut Vignoble (0,75L);https://www.miva.com.hr/asortiman/proizvod-2468-ambrosia-chteau-beau-site-haut-vignoble;2026-10-05
MIV-2467;Ambrosia Château d'Eyran (0,75L);https://www.miva.com.hr/asortiman/proizvod-2467-ambrosia-chteau-d039eyran;2026-10-05
MIV-2762;Ambrosia Chateau Haut Pougnan (0,75L);https://www.miva.com.hr/asortiman/proizvod-2762-ambrosia-chateau-haut-pougnan;2026-10-05
MIV-1904;Moët & Chandon Rosé Specially Yours Love Metal Gift Box (0,75L);https://www.miva.com.hr/asortiman/proizvod-1904-mot--chandon-ros-specially-yours-love-metal-gift-box;2026-10-05
MIV-1223;Arman Franc pjenušac Perla Bianca (0,75L);https://www.miva.com.hr/asortiman/proizvod-1223-arman-franc-pjenusac-perla-bianca;2026-10-05
MIV-2059;Armand de Brignac Blanc de Blancs Gift Box (0,75L);https://www.miva.com.hr/asortiman/proizvod-2059-armand-de-brignac-blanc-de-blancs-gift-box;2026-10-05
MIV-1898;Armand de Brignac Brut Gold (0,75L);https://www.miva.com.hr/asortiman/proizvod-1898-armand-de-brignac-brut-gold;2026-10-05
MIV-1899;Armand de Brignac Brut Gold Gift Box (0,75L);https://www.miva.com.hr/asortiman/proizvod-1899-armand-de-brignac-brut-gold-gift-box;2026-10-05
MIV-2113;Armand de Brignac Brut Gold Magnum (1,50L);https://www.miva.com.hr/asortiman/proizvod-2113-armand-de-brignac-brut-gold-magnum;2026-10-05
MIV-2060;Armand de Brignac Demi Sec (0,75L);https://www.miva.com.hr/asortiman/proizvod-2060-armand-de-brignac-demi-sec;2026-10-05
MIV-1900;Armand de Brignac Rosé (0,75L);https://www.miva.com.hr/asortiman/proizvod-1900-armand-de-brignac-ros;2026-10-05
MIV-2324;Armand de Brignac Rosé magnum (1,50L);https://www.miva.com.hr/asortiman/proizvod-2324-armand-de-brignac-ros-magnum;2026-10-05
MIV-1949;Armand de Brignac Rosé Magnum Gift Box (1,50L);https://www.miva.com.hr/asortiman/proizvod-1949-armand-de-brignac-ros-magnum-gift-box;2026-10-05
MIV-2706;Bastiàn Blanc de blancs (0,75L);https://www.miva.com.hr/asortiman/proizvod-2706-bastin-blanc-de-blancs;2026-10-05
MIV-2705;Bastiàn Rosé pjenušac (0,75L);https://www.miva.com.hr/asortiman/proizvod-2705-bastin-ros-pjenusac;2026-10-05
MIV-2707;Bire pjenušac rosé (0,75L);https://www.miva.com.hr/asortiman/proizvod-2707-bire-pjenusac-ros;2026-10-05
MIV-2268;Bodegas Escudero Cava Brut (0,75L);https://www.miva.com.hr/asortiman/proizvod-2268-bodegas-escudero-cava-brut;2026-10-05
MIV-2114;Chandon Garden Spritz perfect serve set;https://www.miva.com.hr/asortiman/proizvod-2114-chandon-garden-spritz-perfect-serve-set;2026-10-05
MIV-1133;Coronica pjenušac CO2 (0,75L);https://www.miva.com.hr/asortiman/proizvod-1133-coronica-pjenusac-co2;2026-10-05
MIV-2092;1244 Islands Gin (0,70L);https://www.miva.com.hr/asortiman/proizvod-2092-1244-islands-gin;2026-10-05
MIV-1265;Ableforth's Aerolite Lyndsay Whisky (0,70L);https://www.miva.com.hr/asortiman/proizvod-1265-ableforth039s-aerolite-lyndsay-whisky;2026-10-05
MIV-1116;Ableforth's Bathtub gin (0,70L);https://www.miva.com.hr/asortiman/proizvod-1116-ableforth039s-bathtub-gin;2026-10-05
MIV-1117;Ableforth's Bathtub Gin Old Tom (0,50L);https://www.miva.com.hr/asortiman/proizvod-1117-ableforth039s-bathtub-gin-old-tom;2026-10-05
MIV-1189;Ableforth's Cherry Brandy (0,50L);https://www.miva.com.hr/asortiman/proizvod-1189-ableforth039s-cherry-brandy;2026-10-05
MIV-1267;Ableforth's Darkness 8 Year Old Whisky (0,70L);https://www.miva.com.hr/asortiman/proizvod-1267-ableforth039s-darkness-8-year-old-whisky;2026-10-05
MIV-1118;Ableforth's Rumbullion! (0,70L);https://www.miva.com.hr/asortiman/proizvod-1118-ableforth039s-rumbullion;2026-10-05
MIV-0523;Ardbeg 10 YO (0,70L);https://www.miva.com.hr/asortiman/proizvod-523-ardbeg-10-yo;2026-10-05
MIV-2594;Ardbeg 10 YO + 2 čaše (0,70L);https://www.miva.com.hr/asortiman/proizvod-2594-ardbeg-10-yo--2-case;2026-10-05
MIV-0828;Ardbeg An Oa (0,70L);https://www.miva.com.hr/asortiman/proizvod-828-ardbeg-an-oa;2026-10-05
MIV-0703;Ardbeg Corryvreckan (0,70L);https://www.miva.com.hr/asortiman/proizvod-703-ardbeg-corryvreckan;2026-10-05
MIV-2731;Ardbeg Dolce (0,70L);https://www.miva.com.hr/asortiman/proizvod-2731-ardbeg-dolce;2026-10-05
MIV-2840;Ardbeg Flask Set;https://www.miva.com.hr/asortiman/proizvod-2840-ardbeg-flask-set;2026-10-05
MIV-2841;Ardbeg Flask Set Vol.2;https://www.miva.com.hr/asortiman/proizvod-2841-ardbeg-flask-set-vol2;2026-10-05
MIV-2329;Ardbeg Spectacular Limited Edition (0,70L);https://www.miva.com.hr/asortiman/proizvod-2329-ardbeg-spectacular-limited-edition;2026-10-05
MIV-0510;Ardbeg Uigeadail (0,70L);https://www.miva.com.hr/asortiman/proizvod-510-ardbeg-uigeadail;2026-10-05
MIV-2698;Cuba Libre set;https://www.miva.com.hr/asortiman/proizvod-2698-cuba-libre-set;2026-10-05
MIV-2697;Martini set;https://www.miva.com.hr/asortiman/proizvod-2697-martini-set;2026-10-05
MIV-2825;RIEDEL All American Bourbon Glass (Set 2 kom.);https://www.miva.com.hr/asortiman/proizvod-2825-riedel-all-american-bourbon-glass;2026-10-05
MIV-0620;RIEDEL Amadeo decanter;https://www.miva.com.hr/asortiman/proizvod-620-riedel-amadeo-decanter;2026-10-05
MIV-2807;RIEDEL Amadeo Double Magnum Decanter – Black/Red;https://www.miva.com.hr/asortiman/proizvod-2807-riedel-amadeo-double-magnum-decanter--blackred;2026-10-05
MIV-1243;RIEDEL Amadeo Fatto a Mano decanter;https://www.miva.com.hr/asortiman/proizvod-1243-riedel-amadeo-fatto-a-mano-decanter;2026-10-05
MIV-2806;RIEDEL Amadeo Magnum Decanter Optic;https://www.miva.com.hr/asortiman/proizvod-2806-riedel-amadeo-magnum-decanter-optic;2026-10-05
MIV-2176;RIEDEL Apple NY decanter;https://www.miva.com.hr/asortiman/proizvod-2176-riedel-apple-ny-decanter;2026-10-05
MIV-2168;RIEDEL BAR Coffee glass (set 2 kom.);https://www.miva.com.hr/asortiman/proizvod-2168-riedel-bar-coffee-glass;2026-10-05
MIV-1194;RIEDEL BAR Fizz glass (set 2 kom.);https://www.miva.com.hr/asortiman/proizvod-1194-riedel-bar-fizz-glass;2026-10-05
MIV-1195;RIEDEL BAR Highball glass (set 2 kom.);https://www.miva.com.hr/asortiman/proizvod-1195-riedel-bar-highball-glass;2026-10-05
MIV-1192;RIEDEL BAR Neat glass (set 2 kom.);https://www.miva.com.hr/asortiman/proizvod-1192-riedel-bar-neat-glass;2026-10-05
MIV-1196;RIEDEL BAR Nick & Nora glass (set 2 kom.);https://www.miva.com.hr/asortiman/proizvod-1196-riedel-bar-nick--nora-glass;2026-10-05
MIV-2772;RIEDEL Bar Rituals Double Rocks Glass (Set 2 kom.);https://www.miva.com.hr/asortiman/proizvod-2772-riedel-bar-rituals-double-rocks-glass;2026-10-05
MIV-2773;RIEDEL Bar Rituals Highball Glass (Set 2 kom.);https://www.miva.com.hr/asortiman/proizvod-2773-riedel-bar-rituals-highball-glass;2026-10-05
MIV-1193;RIEDEL BAR Rocks Glass (set 2 kom.);https://www.miva.com.hr/asortiman/proizvod-1193-riedel-bar-rocks-glass;2026-10-05
MIV-2556;B10 Fusion dječje maslinovo ulje (0,25L);https://www.miva.com.hr/asortiman/proizvod-2556-b10-fusion-djecje-maslinovo-ulje;2026-10-05
MIV-1618;B10 Fusion maslinovo ulje (0,50L);https://www.miva.com.hr/asortiman/proizvod-1618-b10-fusion-maslinovo-ulje;2026-10-05
MIV-1617;B10 Fusion maslinovo ulje mini (0,25L);https://www.miva.com.hr/asortiman/proizvod-1617-b10-fusion-maslinovo-ulje-mini;2026-10-05
MIV-1622;B10 Istarska Bjelica maslinovo ulje (0,50L);https://www.miva.com.hr/asortiman/proizvod-1622-b10-istarska-bjelica-maslinovo-ulje;2026-10-05
MIV-1621;B10 Istarska bjelica maslinovo ulje mini (0,25L);https://www.miva.com.hr/asortiman/proizvod-1621-b10-istarska-bjelica-maslinovo-ulje-mini;2026-10-05
MIV-1620;B10 Leccino maslinovo ulje (0,50L);https://www.miva.com.hr/asortiman/proizvod-1620-b10-leccino-maslinovo-ulje;2026-10-05
MIV-1619;B10 Leccino maslinovo ulje mini (0,25L);https://www.miva.com.hr/asortiman/proizvod-1619-b10-leccino-maslinovo-ulje-mini;2026-10-05
MIV-2185;Bastiàn maslinovo ulje (0,25L);https://www.miva.com.hr/asortiman/proizvod-2185-bastin-maslinovo-ulje;2026-10-05
MIV-2186;Bastiàn maslinovo ulje (0,50L);https://www.miva.com.hr/asortiman/proizvod-2186-bastin-maslinovo-ulje;2026-10-05
MIV-2024;Bols Grenadine Sirup (0,70L);https://www.miva.com.hr/asortiman/proizvod-2024-bols-grenadine-sirup;2026-10-05
MIV-1277;Cadenela Cuvee maslinovo ulje (0,25L);https://www.miva.com.hr/asortiman/proizvod-1277-cadenela-cuvee-maslinovo-ulje;2026-10-05
MIV-1278;Cadenela Cuvee maslinovo ulje (0,50L);https://www.miva.com.hr/asortiman/proizvod-1278-cadenela-cuvee-maslinovo-ulje;2026-10-05
MIV-1271;Cadenela for Kids maslinovo ulje (0,25L);https://www.miva.com.hr/asortiman/proizvod-1271-cadenela-for-kids-maslinovo-ulje;2026-10-05
MIV-2184;Cadenela for Kids maslinovo ulje (0,50L);https://www.miva.com.hr/asortiman/proizvod-2184-cadenela-for-kids-maslinovo-ulje;2026-10-05
MIV-1276;Cadenela for Meat maslinovo ulje (0,25L);https://www.miva.com.hr/asortiman/proizvod-1276-cadenela-for-meat-maslinovo-ulje;2026-10-05
MIV-2183;Cadenela for Meat maslinovo ulje (0,50L);https://www.miva.com.hr/asortiman/proizvod-2183-cadenela-for-meat-maslinovo-ulje;2026-10-05
